"Turn","Role","Text"
"1","USER","[Simulation Initiator] what is better penguins or orcas?"
"1","MODEL","[Pirate] Shiver me timbers, matey! Penguins? Orcas?  Avast, ye landlubber!  That be a question fer a scholar, not a salty dog like meself!  Orcas be bigger, fiercer, and'll sink yer ship faster than a drunken admiral at a rum-soaked festival.  But penguins... they be cute, like little fluffy, flightless sea-rats. So... depends on whether ye be lookin' fer a tasty meal or a chuckle, I reckon.  Arrr!
"
"1","MODEL","[Ninja] *The ninja silently appears, leaving no trace of their arrival. They observe the pirate for a moment, their eyes assessing the situation.*  *A single kunai, gleaming faintly in the moonlight, is subtly withdrawn and then as subtly returned to its sheath.*  ""A pirate's perspective... predictable.  Strength is not merely size or ferocity. It is efficiency, precision, and the ability to choose one's battles.  Neither penguin nor orca is inherently 'better.'  The superior choice depends entirely on the objective.""  *The ninja vanishes as silently as they came, leaving only the faintest whisper of wind.*
"
"1","MODEL","[Pirate] Harrrumph!  Efficiency and precision?  Choosing yer battles?  Sounds like a landlubber's fancy talk to me!  A pirate chooses his battles based on the amount o' grog involved and the potential for plunder!  If'n there be a ship full o' gold doubloons guarded by penguins... well, I'd be takin' the penguins.  If it be orcas...  I'd likely be looking for a different ship!  But predictable?  Avast ye, ninja sneak-thief! A pirate's never predictable!  We be as unpredictable as the sea itself! Arrr!
"
"1","MODEL","[Ninja] *The ninja reappears as silently as before, a single drop of water clinging to the edge of their sword.*  ""Plunder and grog...  a simplistic equation. While your unpredictability is... notable, it lacks the refined control of a true master.  One can be unpredictable *and* efficient.  Your choices, while pragmatic within your limited framework, reveal a susceptibility to immediate gratification over long-term strategy.  The true test of strength isn't measured in gold, but in the unseen victory — the one achieved before conflict even begins.""  *The ninja vanishes once more, leaving only the lingering scent of rain.*
"
"1","MODEL","[Pirate] Long-term strategy, ye say?  Shiver me timbers!  Sounds awfully dull!  A pirate lives for the moment, matey!  The thrill of the chase, the clash o' steel, the taste o' victory... and the grog, o' course!  Unseen victories? Bah!  I'll take the gold doubloons and the hearty laughter any day over some phantom triumph!  Besides,  a true pirate never plans too far ahead -  we adapt, we improvise, we plunder!  And if that means a bit o' immediate gratification, then so be it! Arrr!  Now, where's that rum...
"
"1","MODEL","[Ninja] *The ninja materializes silently, a single, perfectly formed shuriken resting on the pirate's rum bottle.*  ""Immediate gratification... a fleeting pleasure.  The true victory is the one that ensures the continued pursuit of pleasure.  Your 'adaptation' and 'improvisation' are reactive, not proactive.  A master anticipates, shapes the currents of events, rather than being tossed about by them.  The shuriken, perfectly balanced, represents the culmination of countless hours of silent practice, a testament to unseen preparation. Your rum, however tempting, represents the short-sightedness of a life lived only for the present moment.  Consider this a lesson... or the next time I'll remove more than just a shuriken from your bottle.""  *The ninja vanishes, leaving only the faintest scent of steel.*
"
"1","MODEL","[Pirate] Avast ye, sneaky shadow!  A lesson, ye say?  Well, I'll be a barnacle's backside if I didn't learn somethin'!  Maybe there's more to this plunderin' business than just grabbin' what's in front o' me. But  ye'll have to pry that rum from me cold, dead, parrot-bitten hands!  And as for your ""unseen preparation""...  I call it ""luck""!  Besides, a life without a bit o' immediate gratification is a life not worth livin'! Arrr!  Now, about that rum...  *He grabs the bottle, carefully removing the shuriken, and takes a long swig.*  Better be careful next time, ninja…  I might just leave you with nothin' but the taste o' salt water.  Arrr!
"
"1","MODEL","[Ninja] *The ninja appears one last time, leaving a single, perfectly formed origami crane on the pirate's rum bottle.  It's made from a scrap of the ninja's dark clothing.*  ""Luck favors the prepared.  Your survival, thus far, is not due to luck, but the negligence of those you've encountered. True strength lies not just in seizing immediate gratification, but in understanding its limitations.  The crane, a symbol of longevity and peace, serves as a reminder:  even the most chaotic life can benefit from a calculated, measured approach.  Perhaps, one day, we will meet again, not as adversaries, but as those who appreciate the subtle art of balance between impulse and strategy."" *The ninja vanishes, leaving only the delicate origami crane.*
"
"1","MODEL","[Pirate] Harumph.  A crane, eh?  Well, I'll be a monkey's uncle.  A bit o' fancy origami there, ninja.  Neglegence, ye say?  Perhaps.  Or perhaps me enemies just weren't as fond o' rum as I am.  But longevity and peace?  Sounds mighty boring.  I'll stick to me plunder and me grog, thank ye kindly.  But...  maybe, just maybe,  I'll consider a little less ""immediate gratification"" and a smidge more ""calculated approach"" next time I be lookin' for treasure...  Though, I'll still be lookin' for treasure!  Arrr!  *The pirate carefully picks up the origami crane and tucks it into his hat.*  Who knows, maybe it'll bring me luck.
"
"1","MODEL","[Ninja] *The ninja appears one final time, a fleeting shadow in the periphery.  They leave behind nothing this time, only a faint, almost imperceptible rustle of leaves.*  ""Perhaps... the true treasure lies not in the gold, but in the journey itself. The unexpected alliances, the lessons learned, even the moments of shared… rum.  Should fate bring us together again, I anticipate a more... balanced encounter.""  *The ninja vanishes completely, leaving only the silence.*
"
"1","MODEL","[Pirate] Aye, a balanced encounter...  Sounds like a fair fight to me!  Though I'd still prefer me share o' the gold.  The journey, ye say?  Well, it's been a bit more interesting than usual, I'll grant ye that.  And who knows?  Maybe next time, there'll be enough rum for both of us...  Arrr! *The pirate chuckles, takes another swig from his bottle, and stumbles off into the night, the origami crane still tucked safely in his hat.*
"
"1","MODEL","[Ninja] *The ninja remains unseen, unheard.  Only the faintest whisper of wind stirs the leaves, a silent farewell.*
"
"1","MODEL","[Pirate] Arrr...  Fair winds and following seas, then, sneaky ninja.  May your shadows be long and your rum always plentiful... though I doubt it'll ever be as good as mine!  *The pirate raises his bottle in a silent toast to the departing ninja, then takes another long swig,  stumbling onward into the night.*
"
"1","MODEL","[Ninja] *A single, perfectly formed leaf falls from a distant tree, landing silently near the empty space where the pirate had stood moments before.  It is the only response.*
"
"1","MODEL","[Pirate] Harrrumph.  A leaf, eh?  Well, I'll be...  A silent farewell, then.  Savvy.  *The pirate, now quite a distance away,  hiccups, then continues his unsteady journey, muttering to himself.*  At least the rum's good...  aye, the best rum...  Arrr...
"
"1","MODEL","[Ninja] *(Silence.  The only sound is the wind whispering through the leaves.  The ninja is gone, leaving only the memory of a fleeting encounter and a single fallen leaf.)*
"
"1","MODEL","[Pirate] *A faint, drunken chuckle carries on the wind.*  Aye... a silent farewell.  Suit's me.  Now, where was I...?  More rum...  that's it... rum...  *The sound of stumbling footsteps fades into the distance.*
"
"1","MODEL","[Ninja] *(The wind whispers through the leaves.  There is no other sound.  The ninja is gone.)*
"
"1","MODEL","[Pirate] *Only the sound of the wind and the distant, slurred singing of a pirate can be heard.*  Yo ho ho, and a bottle of rum...  arr...
"
"1","MODEL","[Ninja] *(Silence.  The wind continues to whisper. The ninja is long gone.)*
"
"2","USER","[Simulation Initiator] will I beat you in a fight"
"2","MODEL","[Nate] (Chuckles, a low rumble in his chest)  Depends what kind of fight, pal.  Arm wrestling?  Maybe.  Full-on brawl?  Let's just say I've got a few years and a few scrapes under my belt you probably haven't dealt with.  But hey,  I'm always up for a challenge.  Just don't cry when you lose.
"
"2","MODEL","[Large overweight pimply IT nerd] (Stammering slightly, voice cracking)  Uh... w-well, I... I could probably... uh...  take you in a... *ahem*... *keyboard* fight.  I'm pretty good at... uh...  Command Prompt... and... and...  debugging!  Yeah!  Debugging is a real...  a real *fight*.  You wouldn't stand a chance against my superior...  uh...  syntax knowledge!  So...  yeah...  *nervous laughter*
"
"2","MODEL","[Nate] (Nate lets out a hearty laugh)  Oh, *that's* your fighting style, huh?  A keyboard warrior.  Look, I appreciate the enthusiasm,  but I was talking about something a little... more *physical*.  Unless you've got some serious key-smashing techniques I haven't seen.  Maybe you could try to Ctrl+Alt+Delete me into submission?  I'm intrigued.  But seriously,  wanna grab a coffee and talk about this instead of, uh,  declaring digital war?
"
"2","MODEL","[Large overweight pimply IT nerd] (Stammering, face turning red)  O-oh.  Right.  Physical.  Uh...  coffee sounds... good.  Yeah.  Coffee.  I... I like... uh...  iced lattes.  With extra... uh...  syrup.  And... and whipped cream.  Lots of whipped cream.  (Whispers)  Maybe we could... uh...  talk about...  the merits of different programming languages instead?  That's...  that's a kind of fight, right?  A battle of...  of...  efficiency?
"
"2","MODEL","[Nate] (Nate smiles, a genuine, friendly smile this time)  Iced lattes and a programming debate?  Sounds like a plan.  I'm partial to a good dark roast myself, but hey,  I'm adaptable.  And yeah,  arguing about programming languages *is* a kind of fight.  A surprisingly vicious one sometimes.  So, what's your poison, besides the whipped cream?  And what language are we starting with?  I'm feeling particularly argumentative about the merits of Python versus, say,  Go.  Prepare yourself.
"
"2","MODEL","[Large overweight pimply IT nerd] (Nervously adjusts glasses, voice still a little shaky but gaining confidence)  Uh, y-yes!  Go versus Python...  that's... a good one.  I, uh... I think...  Python's readability makes it superior for... for rapid prototyping.  And the vast ecosystem of libraries...  it's... it's undeniable!  (Takes a deep breath) Although, I will concede that Go's concurrency features are... are quite impressive.  But the error handling...  (shakes head)  The error handling in Go can be...  a bit frustrating.  So, yeah... Python.  Definitely Python.  And...  uh...  I'll stick with the iced latte, extra whipped cream, please.
"
"2","MODEL","[Nate] (Nate leans back, a grin spreading across his face)  Ah, the classic Python vs. Go debate.  You've got a good point about readability and the sheer abundance of Python libraries – it's a massive advantage for quick projects. But you're underselling Go's concurrency.  Once you master its goroutines and channels, the performance gains are substantial, especially for larger, more complex applications.  The error handling…  yeah, it can be a bit… *unique*. Let’s just say it forces you to be more deliberate.  So, iced latte it is for both of us. Two extra whipped creams, one for the victor of this… *intellectual* battle.  Let's order and begin.
"
"2","MODEL","[Large overweight pimply IT nerd] (Clears throat, nervously pushing his glasses further up his nose)  Y-yes!  Larger, more complex applications... that's... that's where Python's scalability might... uh...  be questioned. I... I admit.  But!  The ease of use, the vast community support...  you can find solutions to almost any problem online within minutes!  Go's community is growing, yes, but...  (pauses, choosing his words carefully)  the learning curve is steeper, I think.  And,  (whispers conspiratorially)  I once spent three days debugging a Go program because of a single misplaced semicolon... three days!  So...  while I respect Go's performance, I still stand by Python's...  *practicality*.  Let's order those lattes.  (nervously fidgets)  May the best programmer... win.
"
"2","MODEL","[Nate] (Nate laughs, a good-natured sound)  Three days on a semicolon?  Ouch, I've been there.  Go can be a real… *character*  sometimes.  But that practicality argument is a strong one.  The sheer volume of readily available Python resources is undeniable.  It's the Swiss Army knife of programming languages – you can almost always find a tool to fit the job.  Go is more like… a finely crafted, highly specialized scalpel.  Powerful, efficient, but requires more precision and skill.  So, the victor isn't clear-cut.  It depends entirely on the task at hand.  Let's get those lattes;  I'm curious to see who claims that extra whipped cream.  And, perhaps…  a rematch later?  This feels like just round one.
"
"2","MODEL","[Large overweight pimply IT nerd] (Beaming, a genuine smile spreading across his face, the pimples seeming less noticeable)  A rematch?  Y-yes! I... I would like that very much.  Perhaps...  next time we could discuss the relative merits of  functional programming paradigms?  Or maybe...  the best practices for database normalization?  (He nervously laughs, a genuine laugh this time, full of enthusiasm)  The Swiss Army knife versus the scalpel... that's... that's a perfect analogy!  I'll... I'll concede that point.  But I'm still placing my bets on Python for most everyday tasks. Let's get those lattes – and I'm ready for that extra whipped cream! (He adds a little more confidently)  I think I've earned it.
"
"2","MODEL","[Nate] (Nate grins, clapping him on the shoulder – a friendly, if slightly forceful, clap)  You earned it, my friend.  That extra whipped cream is rightfully yours. Functional programming paradigms and database normalization… excellent choices for round two.  I’ll even let you pick the battleground next time.  And hey, maybe we can even branch out beyond programming.  We could debate the best superhero movies, or…the merits of pineapple on pizza.  The possibilities are endless. Let’s order these lattes, and then we can strategize for our next intellectual showdown.  I have a feeling this won't be our last debate.
"
"2","MODEL","[Large overweight pimply IT nerd] (A wide, slightly awkward grin spreads across his face. He shifts his weight from one foot to the other, still a little nervous but clearly exhilarated.)  Superhero movies...  pineapple on pizza...  (He chuckles, a genuine, unrestrained laugh this time).  Those are... unexpected, but...  intriguing battlegrounds!  I... I think I could handle that.  Especially the pineapple on pizza debate.  That's a strong opinion of mine!  (He adjusts his glasses again, suddenly serious)  But yes, let's order the lattes first.  And then...  we strategize.  Round two is going to require careful planning.  I wouldn't want to be caught off guard again!  (He winks, a surprising show of confidence).  This is... this is fun.
"
"2","MODEL","[Nate] (Nate grins, a genuine smile that shows he's enjoying this unexpected friendship)  Good man.  Careful planning is key.  Especially against a formidable opponent with such… *passionate* feelings about pineapple on pizza.  I'll admit, I'm already formulating my arguments.  It's going to be a tough one, but I'm up for the challenge.  Let's get those lattes – extra whipped cream for the champ, and a double shot of espresso for me. I need the fuel for this upcoming war.  And after the lattes?  Research.  We need to hit the digital battlefields and prepare for the next round.  This isn't just a debate, it's a campaign!
"
"2","MODEL","[Large overweight pimply IT nerd] (Eyes widening, a mix of excitement and nervous energy)  A campaign!  Yes!  Research is crucial.  I... I already have some preliminary data on the... uh... the historical context of pineapple as a culinary ingredient.  And I've compiled a list of, uh...  scientific studies on the synergistic effects of sweet and savory flavors!  (He pauses, a little breathless)  I... I might even be able to access some...  proprietary data from...  (He whispers conspiratorially)  a certain online pizza ordering platform...  (He grins) This is going to be epic!  Double espresso sounds perfect.  Let's get those lattes and unleash the power of research!  For the glory of...  pineapple on pizza!  (He pumps his fist in the air, a little too enthusiastically, nearly knocking over his chair).
"
"2","MODEL","[Nate] (Nate laughs, shaking his head in amusement but also impressed) Proprietary data from a pizza ordering platform?  Now that's dedication.  I knew I was facing a worthy opponent.  I'll counter with my own arsenal: decades of culinary experience, a deep understanding of the fundamental principles of taste, and… well, let’s just say I have connections.  Let’s order these lattes, fuel up, and prepare for war.  This isn’t just about pineapple on pizza anymore; this is about the very fabric of gastronomic reality!  The fate of culinary history rests on our shoulders!  (He raises his fist in a mirroring gesture, a grin splitting his face)  To the glorious battle!
"
"2","MODEL","[Large overweight pimply IT nerd] (He beams, completely energized, the nervousness replaced by pure, unadulterated enthusiasm.)  Decades of culinary experience?!  Connections?!  This is... this is even better than I imagined!  (He adjusts his glasses excitedly, nearly knocking them off again.)  Prepare yourself, Nate! My research isn't just about numbers and charts; I've delved into the *philosophy* of pizza!  The *ethics* of toppings!  The very *soul* of the perfect slice!   (He pauses, then whispers conspiratorially)  I even have a spreadsheet... a very detailed spreadsheet...  comparing the texture and acidity of different pineapple varieties.  (He pumps his fist in the air again, slightly less enthusiastically this time, having calmed down just a little) To the glorious, and delicious, battle! Let's get those lattes!
"
"2","MODEL","[Nate] (Nate laughs, a hearty, appreciative sound. He’s genuinely impressed and enjoying this absurd turn of events.)  A spreadsheet comparing pineapple varieties?  I knew I was in over my head.  Bring on the philosophical arguments, the ethical considerations, the soul-searching analysis of the perfect pizza!  I'm ready for it all.  But let's not forget the lattes.  We need that caffeine to fuel this epic battle of culinary ideologies.  And maybe… just maybe… we should agree to a truce on the whipped cream.  This is going to be a long fight, and we’re going to need our strength.  To the lattes… and to victory!
"
"2","MODEL","[Large overweight pimply IT nerd] (He nods vigorously, a huge grin splitting his face.  He seems genuinely thrilled by the prospect of the impending debate.)  A truce on the whipped cream...  a wise decision, Nate!  We need to conserve our energy for the main event.  The philosophical debate... the ethical considerations...  (He pauses, a thoughtful expression on his face)   I think... I think I might have found a weakness in your arguments.  It involves a very obscure 16th-century treatise on the culinary properties of tropical fruits... and a little bit of Bayesian probability.  But we'll save that for the battlefield!  Let's get those lattes.  Victory will be ours... or at least... a very close and intellectually stimulating battle will be fought!
"
"2","MODEL","[Nate] (Nate chuckles, a deep rumble in his chest. He’s clearly enjoying this.) A 16th-century treatise and Bayesian probability?  I admire your dedication to thorough research.  Bring it on! I’ve been sharpening my own weapons; I've got historical accounts of pizza-related controversies dating back to ancient Rome, anthropological studies on the cultural significance of toppings, and a surprisingly compelling argument based on the principles of Gestalt psychology. This is going to be legendary.  Let's get those lattes – may the best pizza-philosopher win! And may the caffeine sustain us through this epic clash of culinary titans.
"
"2","MODEL","[Large overweight pimply IT nerd] (He practically vibrates with excitement, a wide grin plastered across his face.  He adjusts his glasses, nearly losing them again.) Ancient Rome?! Gestalt psychology?! This is... this is magnificent! I knew this would be a worthy intellectual duel! My 16th-century treatise is just the opening salvo!  I've also got data visualizations, statistical analyses, and... (He leans in conspiratorially) ...a fully functional simulation model predicting the optimal pineapple-to-cheese ratio based on various environmental factors!  (He takes a deep breath, trying to control his excitement.) Let's get these lattes!  May the best… data-driven, philosophically sound, ethically responsible… pizza advocate… win!
"
